,url,date_added
4153,https://www.wellesley.edu/sciencecenter/students/opportunities/summer/sciaward/descriptions,2017-05-31
4158,https://fallingstarnovel.tumblr.com/,2017-05-31
4166,https://m.fanfiction.net/s/13910770/1/Nest,2017-05-31
4167,https://m.fanfiction.net/s/14052100/1/Gaslighting-the-Necronomicon,2017-05-31
4171,https://www.royalroad.com/fiction/42226/foxs-tongue-and-kirins-bone,2017-05-31
4234,https://cywscross.tumblr.com/post/673786807267295232/do-you-have-any-scum-villain-fanfic-recs-i-also/amp,2017-05-31
4299,https://www.patreon.com/nadaskii,2017-05-31
4303,https://nymphomanik.tumblr.com/post/645349195842191360/svsss-fic-rec-fic-rec-fic-recs-pleaseeee-ilysm-you,2017-05-31
4341,https://miaodoves.com/products/flying-stork-japanese-art-hawaiian-shirt-acamn-jmchin?variant=60dbf7fd54c189a4dfca2f8d,2017-05-31
4342,https://www.deviantart.com/vgcartography,2017-05-31
4343,https://baysidebrushco.com/collections/hair-brushes/products/giorgio-gio1b-7-75-hair-brush-dresser-size,2017-05-31
4562,https://www.royalroad.com/fiction/36735/the-perfect-run,2017-05-31
4865,https://www.royalroad.com/forums/thread/58603,2017-05-31
4903,https://m.facebook.com/WellesleyCollegeLTS/,2017-05-31
4928,https://libbyframe.storenvy.com/,2017-05-31
4932,https://cp.glico.com/glicode/sp/,2017-05-31
4944,https://lizengland.com/blog/2014/04/the-door-problem/,2017-05-31
4946,https://www.curesarcoma.org/nyccelebration/,2017-05-31
5168,https://m.fanfiction.net/s/12783920/1/Authors-Of-Our-Own-Fate,2017-05-31
5187,https://randomfandomgame.github.io/game.html,2017-05-31
5188,https://www.google.com/search?q=saviora+book+cafe+story+in+another+world&ie=UTF-8&oe=UTF-8&hl=en-us&client=safari,2017-05-31
5464,https://m.fanfiction.net/s/5645842/1/Rational-Intercourse,2017-05-31
8766,https://www.wellesley.edu/sciencecenter/students/opportunities/summer/sciaward/descriptions,2017-05-31
8771,https://fallingstarnovel.tumblr.com/,2017-05-31
8779,https://m.fanfiction.net/s/13910770/1/Nest,2017-05-31
8780,https://m.fanfiction.net/s/14052100/1/Gaslighting-the-Necronomicon,2017-05-31
8784,https://www.royalroad.com/fiction/42226/foxs-tongue-and-kirins-bone,2017-05-31
8847,https://cywscross.tumblr.com/post/673786807267295232/do-you-have-any-scum-villain-fanfic-recs-i-also/amp,2017-05-31
8912,https://www.patreon.com/nadaskii,2017-05-31
8916,https://nymphomanik.tumblr.com/post/645349195842191360/svsss-fic-rec-fic-rec-fic-recs-pleaseeee-ilysm-you,2017-05-31
8954,https://miaodoves.com/products/flying-stork-japanese-art-hawaiian-shirt-acamn-jmchin?variant=60dbf7fd54c189a4dfca2f8d,2017-05-31
8955,https://www.deviantart.com/vgcartography,2017-05-31
8956,https://baysidebrushco.com/collections/hair-brushes/products/giorgio-gio1b-7-75-hair-brush-dresser-size,2017-05-31
9153,https://www.royalroad.com/fiction/44543/fairyprincessproblems,2017-05-31
9201,https://www.royalroad.com/fiction/36735/the-perfect-run,2017-05-31
9504,https://www.royalroad.com/forums/thread/58603,2017-05-31
9542,https://m.facebook.com/WellesleyCollegeLTS/,2017-05-31
9567,https://libbyframe.storenvy.com/,2017-05-31
9571,https://cp.glico.com/glicode/sp/,2017-05-31
9583,https://lizengland.com/blog/2014/04/the-door-problem/,2017-05-31
9585,https://www.curesarcoma.org/nyccelebration/,2017-05-31
9805,https://m.fanfiction.net/s/12783920/1/Authors-Of-Our-Own-Fate,2017-05-31
9824,https://randomfandomgame.github.io/game.html,2017-05-31
9825,https://www.google.com/search?q=saviora+book+cafe+story+in+another+world&ie=UTF-8&oe=UTF-8&hl=en-us&client=safari,2017-05-31
10101,https://m.fanfiction.net/s/5645842/1/Rational-Intercourse,2017-05-31
12280,https://www.wellesley.edu/sciencecenter/students/opportunities/summer/sciaward/descriptions,2017-05-31
12285,https://fallingstarnovel.tumblr.com/,2017-05-31
12293,https://m.fanfiction.net/s/13910770/1/Nest,2017-05-31
12294,https://m.fanfiction.net/s/14052100/1/Gaslighting-the-Necronomicon,2017-05-31
12298,https://www.royalroad.com/fiction/42226/foxs-tongue-and-kirins-bone,2017-05-31
12359,https://cywscross.tumblr.com/post/673786807267295232/do-you-have-any-scum-villain-fanfic-recs-i-also/amp,2017-05-31
12424,https://www.patreon.com/nadaskii,2017-05-31
12428,https://nymphomanik.tumblr.com/post/645349195842191360/svsss-fic-rec-fic-rec-fic-recs-pleaseeee-ilysm-you,2017-05-31
12445,https://github.com/codecrafters-io/build-your-own-x,2017-05-31
12446,https://timedeo.tumblr.com/post/700189693955948544/saw-people-on-twitter-talking-about-moving-here-so?_branch_referrer=H4sIAAAAAAAAAy3LQQ6CMBAF0BMNs8IYE%2BNRSKu%2FUmiZOv3A9Y2Jy7d4M9n6TTVw4F5j8eFpVZkrXjDt4ZQGawVim%2FDMJFwYypq3t4RoO6Xa8cMMh3TT65HG5TLGJX3aY3IkuMPv%2F%2FsFEAmK4G8AAAA%3D&_referrer=twitter&_branch_match_id=1118160532372727223,2017-05-31
12447,https://www.you-can-shop.com/asvc?name=front-4&retailProductCode=9F60B8393FF5F3-DS_62c2354cb1f1fe0010d07385_0-DS_62c2354cb1f1fe0010d07385-DS_62c2354cb1f1fe0010d07385_2251832840930901-200000369%3A1394%3B200000783%3A29%23R6,2017-05-31
12448,https://docs.google.com/document/d/1F9BSbfAete5dRIo8G_BfWHubUStkKEGGY6IU_VEyFso/mobilebasic,2017-05-31
12450,https://www.3ds.com/careers/jobs,2017-05-31
12452,https://www.airbnb.com/karangasem-regency-indonesia/stays,2017-05-31
12454,https://8pxl.co/FEATURED-ITEMS-c137725769,2017-05-31
12456,https://keppy.co/product/flawless-legs-fake-translucent-warm-plush-lined-elastic-tights/?twclid=2-2laiqq4000e7dyh0bhotrkspz,2017-05-31
12458,https://journals.sagepub.com/doi/full/10.1177/2056305119880174,2017-05-31
12490,https://miaodoves.com/products/flying-stork-japanese-art-hawaiian-shirt-acamn-jmchin?variant=60dbf7fd54c189a4dfca2f8d,2017-05-31
12492,https://www.deviantart.com/vgcartography,2017-05-31
12494,https://baysidebrushco.com/collections/hair-brushes/products/giorgio-gio1b-7-75-hair-brush-dresser-size,2017-05-31
12849,https://www.royalroad.com/fiction/44543/fairyprincessproblems,2017-05-31
12897,https://www.royalroad.com/fiction/36735/the-perfect-run,2017-05-31
13199,https://www.royalroad.com/forums/thread/58603,2017-05-31
13237,https://m.facebook.com/WellesleyCollegeLTS/,2017-05-31
13260,https://libbyframe.storenvy.com/,2017-05-31
13264,https://cp.glico.com/glicode/sp/,2017-05-31
13276,https://lizengland.com/blog/2014/04/the-door-problem/,2017-05-31
13278,https://www.curesarcoma.org/nyccelebration/,2017-05-31
13492,https://m.fanfiction.net/s/12783920/1/Authors-Of-Our-Own-Fate,2017-05-31
13511,https://randomfandomgame.github.io/game.html,2017-05-31
13512,https://www.google.com/search?q=saviora+book+cafe+story+in+another+world&ie=UTF-8&oe=UTF-8&hl=en-us&client=safari,2017-05-31
13784,https://m.fanfiction.net/s/5645842/1/Rational-Intercourse,2017-05-31
20275,https://www.wellesley.edu/sciencecenter/students/opportunities/summer/sciaward/descriptions,2017-05-31
20280,https://fallingstarnovel.tumblr.com/,2017-05-31
20288,https://m.fanfiction.net/s/13910770/1/Nest,2017-05-31
20289,https://m.fanfiction.net/s/14052100/1/Gaslighting-the-Necronomicon,2017-05-31
20293,https://www.royalroad.com/fiction/42226/foxs-tongue-and-kirins-bone,2017-05-31
20356,https://cywscross.tumblr.com/post/673786807267295232/do-you-have-any-scum-villain-fanfic-recs-i-also/amp,2017-05-31
20421,https://www.patreon.com/nadaskii,2017-05-31
20425,https://nymphomanik.tumblr.com/post/645349195842191360/svsss-fic-rec-fic-rec-fic-recs-pleaseeee-ilysm-you,2017-05-31
20463,https://miaodoves.com/products/flying-stork-japanese-art-hawaiian-shirt-acamn-jmchin?variant=60dbf7fd54c189a4dfca2f8d,2017-05-31
20464,https://www.deviantart.com/vgcartography,2017-05-31
20465,https://baysidebrushco.com/collections/hair-brushes/products/giorgio-gio1b-7-75-hair-brush-dresser-size,2017-05-31
20684,https://www.royalroad.com/fiction/36735/the-perfect-run,2017-05-31
20987,https://www.royalroad.com/forums/thread/58603,2017-05-31
21025,https://m.facebook.com/WellesleyCollegeLTS/,2017-05-31
21050,https://libbyframe.storenvy.com/,2017-05-31
21054,https://cp.glico.com/glicode/sp/,2017-05-31
21066,https://lizengland.com/blog/2014/04/the-door-problem/,2017-05-31
21068,https://www.curesarcoma.org/nyccelebration/,2017-05-31
21290,https://m.fanfiction.net/s/12783920/1/Authors-Of-Our-Own-Fate,2017-05-31
21309,https://randomfandomgame.github.io/game.html,2017-05-31
21310,https://www.google.com/search?q=saviora+book+cafe+story+in+another+world&ie=UTF-8&oe=UTF-8&hl=en-us&client=safari,2017-05-31
21586,https://m.fanfiction.net/s/5645842/1/Rational-Intercourse,2017-05-31
24886,https://www.wellesley.edu/sciencecenter/students/opportunities/summer/sciaward/descriptions,2017-05-31
24891,https://fallingstarnovel.tumblr.com/,2017-05-31
24899,https://m.fanfiction.net/s/13910770/1/Nest,2017-05-31
24900,https://m.fanfiction.net/s/14052100/1/Gaslighting-the-Necronomicon,2017-05-31
24904,https://www.royalroad.com/fiction/42226/foxs-tongue-and-kirins-bone,2017-05-31
24967,https://cywscross.tumblr.com/post/673786807267295232/do-you-have-any-scum-villain-fanfic-recs-i-also/amp,2017-05-31
25032,https://www.patreon.com/nadaskii,2017-05-31
25036,https://nymphomanik.tumblr.com/post/645349195842191360/svsss-fic-rec-fic-rec-fic-recs-pleaseeee-ilysm-you,2017-05-31
25074,https://miaodoves.com/products/flying-stork-japanese-art-hawaiian-shirt-acamn-jmchin?variant=60dbf7fd54c189a4dfca2f8d,2017-05-31
25075,https://www.deviantart.com/vgcartography,2017-05-31
25076,https://baysidebrushco.com/collections/hair-brushes/products/giorgio-gio1b-7-75-hair-brush-dresser-size,2017-05-31
25273,https://www.royalroad.com/fiction/44543/fairyprincessproblems,2017-05-31
25321,https://www.royalroad.com/fiction/36735/the-perfect-run,2017-05-31
25624,https://www.royalroad.com/forums/thread/58603,2017-05-31
25662,https://m.facebook.com/WellesleyCollegeLTS/,2017-05-31
25687,https://libbyframe.storenvy.com/,2017-05-31
25691,https://cp.glico.com/glicode/sp/,2017-05-31
25703,https://lizengland.com/blog/2014/04/the-door-problem/,2017-05-31
25705,https://www.curesarcoma.org/nyccelebration/,2017-05-31
25925,https://m.fanfiction.net/s/12783920/1/Authors-Of-Our-Own-Fate,2017-05-31
25944,https://randomfandomgame.github.io/game.html,2017-05-31
25945,https://www.google.com/search?q=saviora+book+cafe+story+in+another+world&ie=UTF-8&oe=UTF-8&hl=en-us&client=safari,2017-05-31
26221,https://m.fanfiction.net/s/5645842/1/Rational-Intercourse,2017-05-31
28398,https://www.wellesley.edu/sciencecenter/students/opportunities/summer/sciaward/descriptions,2017-05-31
28403,https://fallingstarnovel.tumblr.com/,2017-05-31
28411,https://m.fanfiction.net/s/13910770/1/Nest,2017-05-31
28412,https://m.fanfiction.net/s/14052100/1/Gaslighting-the-Necronomicon,2017-05-31
28416,https://www.royalroad.com/fiction/42226/foxs-tongue-and-kirins-bone,2017-05-31
28477,https://cywscross.tumblr.com/post/673786807267295232/do-you-have-any-scum-villain-fanfic-recs-i-also/amp,2017-05-31
28542,https://www.patreon.com/nadaskii,2017-05-31
28546,https://nymphomanik.tumblr.com/post/645349195842191360/svsss-fic-rec-fic-rec-fic-recs-pleaseeee-ilysm-you,2017-05-31
28563,https://github.com/codecrafters-io/build-your-own-x,2017-05-31
28564,https://timedeo.tumblr.com/post/700189693955948544/saw-people-on-twitter-talking-about-moving-here-so?_branch_referrer=H4sIAAAAAAAAAy3LQQ6CMBAF0BMNs8IYE%2BNRSKu%2FUmiZOv3A9Y2Jy7d4M9n6TTVw4F5j8eFpVZkrXjDt4ZQGawVim%2FDMJFwYypq3t4RoO6Xa8cMMh3TT65HG5TLGJX3aY3IkuMPv%2F%2FsFEAmK4G8AAAA%3D&_referrer=twitter&_branch_match_id=1118160532372727223,2017-05-31
28565,https://www.you-can-shop.com/asvc?name=front-4&retailProductCode=9F60B8393FF5F3-DS_62c2354cb1f1fe0010d07385_0-DS_62c2354cb1f1fe0010d07385-DS_62c2354cb1f1fe0010d07385_2251832840930901-200000369%3A1394%3B200000783%3A29%23R6,2017-05-31
28566,https://docs.google.com/document/d/1F9BSbfAete5dRIo8G_BfWHubUStkKEGGY6IU_VEyFso/mobilebasic,2017-05-31
28568,https://www.3ds.com/careers/jobs,2017-05-31
28570,https://www.airbnb.com/karangasem-regency-indonesia/stays,2017-05-31
28572,https://8pxl.co/FEATURED-ITEMS-c137725769,2017-05-31
28574,https://keppy.co/product/flawless-legs-fake-translucent-warm-plush-lined-elastic-tights/?twclid=2-2laiqq4000e7dyh0bhotrkspz,2017-05-31
28576,https://journals.sagepub.com/doi/full/10.1177/2056305119880174,2017-05-31
28608,https://miaodoves.com/products/flying-stork-japanese-art-hawaiian-shirt-acamn-jmchin?variant=60dbf7fd54c189a4dfca2f8d,2017-05-31
28610,https://www.deviantart.com/vgcartography,2017-05-31
28612,https://baysidebrushco.com/collections/hair-brushes/products/giorgio-gio1b-7-75-hair-brush-dresser-size,2017-05-31
28967,https://www.royalroad.com/fiction/44543/fairyprincessproblems,2017-05-31
29015,https://www.royalroad.com/fiction/36735/the-perfect-run,2017-05-31
29317,https://www.royalroad.com/forums/thread/58603,2017-05-31
29355,https://m.facebook.com/WellesleyCollegeLTS/,2017-05-31
29378,https://libbyframe.storenvy.com/,2017-05-31
29382,https://cp.glico.com/glicode/sp/,2017-05-31
29394,https://lizengland.com/blog/2014/04/the-door-problem/,2017-05-31
29396,https://www.curesarcoma.org/nyccelebration/,2017-05-31
29610,https://m.fanfiction.net/s/12783920/1/Authors-Of-Our-Own-Fate,2017-05-31
29629,https://randomfandomgame.github.io/game.html,2017-05-31
29630,https://www.google.com/search?q=saviora+book+cafe+story+in+another+world&ie=UTF-8&oe=UTF-8&hl=en-us&client=safari,2017-05-31
29902,https://m.fanfiction.net/s/5645842/1/Rational-Intercourse,2017-05-31
39146,https://www.wellesley.edu/sciencecenter/students/opportunities/summer/sciaward/descriptions,2017-05-31
39151,https://fallingstarnovel.tumblr.com/,2017-05-31
39159,https://m.fanfiction.net/s/13910770/1/Nest,2017-05-31
39160,https://m.fanfiction.net/s/14052100/1/Gaslighting-the-Necronomicon,2017-05-31
39164,https://www.royalroad.com/fiction/42226/foxs-tongue-and-kirins-bone,2017-05-31
39225,https://cywscross.tumblr.com/post/673786807267295232/do-you-have-any-scum-villain-fanfic-recs-i-also/amp,2017-05-31
39290,https://www.patreon.com/nadaskii,2017-05-31
39294,https://nymphomanik.tumblr.com/post/645349195842191360/svsss-fic-rec-fic-rec-fic-recs-pleaseeee-ilysm-you,2017-05-31
39326,https://github.com/codecrafters-io/build-your-own-x,2017-05-31
39327,https://timedeo.tumblr.com/post/700189693955948544/saw-people-on-twitter-talking-about-moving-here-so?_branch_referrer=H4sIAAAAAAAAAy3LQQ6CMBAF0BMNs8IYE%2BNRSKu%2FUmiZOv3A9Y2Jy7d4M9n6TTVw4F5j8eFpVZkrXjDt4ZQGawVim%2FDMJFwYypq3t4RoO6Xa8cMMh3TT65HG5TLGJX3aY3IkuMPv%2F%2FsFEAmK4G8AAAA%3D&_referrer=twitter&_branch_match_id=1118160532372727223,2017-05-31
39328,https://www.you-can-shop.com/asvc?name=front-4&retailProductCode=9F60B8393FF5F3-DS_62c2354cb1f1fe0010d07385_0-DS_62c2354cb1f1fe0010d07385-DS_62c2354cb1f1fe0010d07385_2251832840930901-200000369%3A1394%3B200000783%3A29%23R6,2017-05-31
39329,https://docs.google.com/document/d/1F9BSbfAete5dRIo8G_BfWHubUStkKEGGY6IU_VEyFso/mobilebasic,2017-05-31
39331,https://www.3ds.com/careers/jobs,2017-05-31
39333,https://www.airbnb.com/karangasem-regency-indonesia/stays,2017-05-31
39335,https://8pxl.co/FEATURED-ITEMS-c137725769,2017-05-31
39337,https://keppy.co/product/flawless-legs-fake-translucent-warm-plush-lined-elastic-tights/?twclid=2-2laiqq4000e7dyh0bhotrkspz,2017-05-31
39339,https://journals.sagepub.com/doi/full/10.1177/2056305119880174,2017-05-31
39371,https://miaodoves.com/products/flying-stork-japanese-art-hawaiian-shirt-acamn-jmchin?variant=60dbf7fd54c189a4dfca2f8d,2017-05-31
39373,https://www.deviantart.com/vgcartography,2017-05-31
39375,https://baysidebrushco.com/collections/hair-brushes/products/giorgio-gio1b-7-75-hair-brush-dresser-size,2017-05-31
39728,https://www.royalroad.com/fiction/44543/fairyprincessproblems,2017-05-31
39776,https://www.royalroad.com/fiction/36735/the-perfect-run,2017-05-31
40078,https://www.royalroad.com/forums/thread/58603,2017-05-31
40116,https://m.facebook.com/WellesleyCollegeLTS/,2017-05-31
40139,https://libbyframe.storenvy.com/,2017-05-31
40143,https://cp.glico.com/glicode/sp/,2017-05-31
40155,https://lizengland.com/blog/2014/04/the-door-problem/,2017-05-31
40157,https://www.curesarcoma.org/nyccelebration/,2017-05-31
40370,https://m.fanfiction.net/s/12783920/1/Authors-Of-Our-Own-Fate,2017-05-31
40389,https://randomfandomgame.github.io/game.html,2017-05-31
40390,https://www.google.com/search?q=saviora+book+cafe+story+in+another+world&ie=UTF-8&oe=UTF-8&hl=en-us&client=safari,2017-05-31
40662,https://m.fanfiction.net/s/5645842/1/Rational-Intercourse,2017-05-31
